User_id,Password,Role
cowanmichael@example.com,Q!0OGqo6f+,professor
warrendixon@example.org,*w38^^P1r2,professor
nicholasphillips@example.com,bUi!FRav#2,professor
erin94@example.net,&29Rq%WCqp,professor
patrick23@example.org,(a5hYZqY4o,professor
karen24@example.net,n(4Q2LnbC1,student
smithamanda@example.org,k#2D6V2sFU,student
olsonsean@example.org,&iu&TrGw19,student
tanyagoodman@example.org,%69Uc*oiBK,student
georgemarc@example.org,(NH%#N&lV8,student
robynduran@example.org,$!3Zt@dP7D,student
christina28@example.org,c$29GAr1nX,student
carterscott@example.net,&TW#QQkXB9,student
william32@example.org,!#1*)P^Gcz,student
lperkins@example.com,)xt2pzS$*),student
banderson@example.net,#+1WTfrTSI,student
gonzalesbrian@example.net,)B3%v0Oj_v,student
darren49@example.org,zhWJoJmj@6,student
timphillips@example.net,#2fchlze_Y,student
rachel18@example.com,$PgFR#f(&7,student
zperez@example.net,$n5EQ9ySx7,student
joshuafranklin@example.com,2_I1YfT%m$,student
maria84@example.org,$8^Y#LBNYr,student
mary39@example.net,#27UK%Ln3%,student
drose@example.org,bx0OPoPg@F,student
stephanie86@example.com,N1osH(hq!q,student
richard94@example.com,)A8Jhy&+o0,student
tjennings@example.com,U9GD^XFg+Z,student
sharon17@example.org,D!sdsD0dcH,student
zfitzgerald@example.com,_i1FaDGF^p,student
larrypeters@example.org,ZNDD&@Cu#3,student
russellbennett@example.com,P2fy1VyQ^!,student
pamelabrown@example.com,4$H5(B@O)r,student
mweiss@example.com,i&uje2Nh%_,student
jasmine39@example.com,)iIPd&B(25,student
stevensjames@example.net,(C9Mrsi8UY,student
joshuajones@example.net,nmtVncmN!2,student
williamthomas@example.org,35hZute*!5,student
hartmaria@example.net,rX9n9Lm6@U,student
charleswilliams@example.net,NP5cYwKxi%,student
richard41@example.com,f#5IjmOCeQ,student
brookewalker@example.net,YGiBmZ8A(8,student
amandafowler@example.com,(vUD*JFe18,student
barrygonzales@example.com,q^ohR7v!!3,student
hendersonhannah@example.org,)OiHTatA!6,student
ereyes@example.org,$^_TVwg4W7,student
qjones@example.com,B*l2vUwcyU,student
kenneth80@example.org,p)98EGv(c_,student
fgates@example.org,@5CCn*^a!g,student
jackieward@example.org,spRl1Vc_)@,student
lance86@example.net,LI^1UWdfR&,student
jessica20@example.net,(aAMpNvN8%,student
hanseneric@example.net,8@*6StBl6*,student
johngarcia@example.org,$O!$TVhj13,student
emccall@example.com,+zxJ7_I^I5,student
allen76@example.net,vv_0VQIx5m,student
ashleyryan@example.com,Lg9dICRo_5,student
logandavis@example.com,NDEHeivz_6,student
tsmith@example.net,h2+p4Tra$E,student
brooke22@example.net,_g)DedvxR4,student
ndunn@example.net,$rj1tVd9IP,student
johnrobinson@example.com,l5vEYQhu$u,student
ejackson@example.org,cTt5LL3w&9,student
jamesacosta@example.org,&7L#xzbxan,student
charles45@example.net,+02V(%Jn@W,student
morriskimberly@example.net,$9D*FwYoKh,student
mathewfitzgerald@example.net,!h#kWAO2g1,student
rileymichael@example.net,5g9DTHl7o&,student
amoore@example.net,c^4D0i9vLD,student
williamsonrobert@example.org,*4D2Ldifgx,student
carrie28@example.org,+6$Cl)Rr%b,student
patrick27@example.com,#t@AIS92&7,student
adam28@example.com,E_l9GyjNLS,student
greerkimberly@example.net,X^I0z1Ue2W,student
bennetteric@example.com,_Q+V3fYS#9,student
travis10@example.com,0V!IJwj!*q,student
jasonsandoval@example.org,8btJ4U3!j*,student
cindyclark@example.org,8#2FAzJoFG,student
sandraatkins@example.net,3HRQHeZz&^,student
garywatkins@example.net,3#33LOg+Ui,student
ibaxter@example.com,j9qZBjdr%D,student
lauradavis@example.org,^q7gF)oWiR,student
allenthornton@example.net,_41jdWOyaz,student
davidcline@example.com,l+83HjDFTe,student
hernandezcaitlin@example.org,^Gg8DtQk6h,student
qmartinez@example.com,$9kG3yzao5,student
laurenjones@example.com,@CU15raM90,student
nlong@example.net,oK3DTBt&t&,student
kerry25@example.net,WH_^8sWao*,student
garciastephanie@example.org,qKkKxmLH+4,student
hornelori@example.net,%nrdUtvV&7,student
garyward@example.com,6aSGB#Dx@8,student
ggarcia@example.net,*2zJpf_i%H,student
craigjessica@example.com,Ix3#JpSy$4,student
qdrake@example.com,Ho4FI3sbj(,student
amanda42@example.com,!ZM%rCAW*7,student
robert80@example.com,kd2mJEs!n*,student
pburgess@example.net,U57IJyFSS(,student
teresacox@example.com,$1MgkPFz^3,student
conniebarrett@example.com,pCh6UQuj(V,student
castanedajessica@example.com,+qmH%8Ebv8,student
susanhoffman@example.net,&*6WHo9ola,student
wsanchez@example.org,o85D7Js$!),student
jamesjones@example.com,b&1l_SQ)xc,student
katherine12@example.org,u)6ObDnyNb,student
pacejackson@example.net,tPdJo%Gl(8,student
natashawong@example.org,V4S0hJhL_l,student
singletonchristine@example.org,B7UsLa)P&V,student
ginacummings@example.org,8(8R9LGvPC,student
jeffreymiller@example.org,9!ZRGxwW%0,student
kenneth19@example.net,lk6RHdBR&$,student
ramseyronnie@example.org,(7ru)PJhku,student
smithstephen@example.org,1I95iGIz*U,student
uholloway@example.net,_6xZVlXqDF,student
clarkamanda@example.org,vJ_Q6sXoO_,student
williamsontheresa@example.com,F9Ei6Z(bP$,student
creid@example.net,*IKhnreT8H,student
daniel34@example.org,*)1*VkvgN(,student
fosterjulie@example.org,d*N%1BFAng,student
ssoto@example.com,19T@QDqw(5,student
plopez@example.org,$Lq3(2cxY^,student
erinsullivan@example.net,^63Gjr55q5,student
elizabethbennett@example.net,f@p38O$fY^,student
lhernandez@example.net,&Mdb5AyltW,student
petersonjessica@example.org,j5p&7WRi#0,student
eswanson@example.net,t%qI3Cy2_9,student
hkemp@example.org,(IdHy^Ra1t,student
anitadeleon@example.net,M0@D#7Cg_%,student
vaughnbrittany@example.com,@#WVD&bV@9,student
felicia62@example.org,A+f0H5d_q3,student
wchurch@example.com,!*ir3F2sGJ,student
gregory03@example.org,h7yD9sXY*e,student
campbellalex@example.org,+OZJy)YqM7,student
santiagokenneth@example.org,%!04Ps_kBA,student
jennifer57@example.net,FmjORWi^%8,student
jwells@example.org,Q9&yt1Wv^_,student
vgarcia@example.com,+rN(Tva5*8,student
john75@example.com,*&sc6Nkzb5,student
courtney64@example.com,3&aCpEjc!A,student
juliehenderson@example.net,&7AOsBgH(Q,student
gloversamuel@example.net,I4HYMeuR_7,student
murraykristina@example.org,)s7BsXtgdt,student
adamsluis@example.org,q+Bdl7ko$Q,student
sara92@example.net,$R81(JPv9*,student
vickiecook@example.net,V1+6ArCaAZ,student
fuentestonya@example.net,kY11YUMoU+,student
vberry@example.net,rUr@Za38^8,student
vincentbrown@example.org,H_8Sq1ip^+,student
jillwebb@example.org,c4*3qQQvR%,student
omendoza@example.net,@BFIFl&1f6,student
carol62@example.net,)ug*AH+om6,student
heatherescobar@example.net,o0g0M(Kv^D,student
nyoung@example.com,r_^j87Wt)5,student
taylor35@example.net,cVT!71Edl8,student
mark00@example.net,c@d57DcYE$,student
justin15@example.org,C#0ZWg9uh*,student
davidanderson@example.org,l#7$W8Pr+T,student
omaldonado@example.net,zE&7)7HciQ,student
nelsonana@example.net,%0FGQz^Ylu,student
jensenjulie@example.net,0GYRbJV&(J,student
ericmurray@example.org,$1hPNZGiOz,student
alexandrawright@example.org,U5OYal4o%b,student
adriancollins@example.net,ZDX!0BGlX%,student
sgriffin@example.org,T#wX7NphQv,student
hansonbrianna@example.org,WURdcpLc(5,student
usmith@example.net,*8N9fCJqCU,student
hcontreras@example.org,B^5W$)1EBo,student
yjohnson@example.net,#t5PlHgOcC,student
thomas94@example.com,T0pJzmfS_7,student
sarah85@example.com,&^QkxTmw9K,student
robert81@example.org,&0M+e*KlNL,student
brandoncrawford@example.com,*KxWIin87#,student
vanessa85@example.net,adfR0XNN8#,student
twalls@example.org,#WWveOKl*5,student
elizabeth24@example.net,+a!&C#enj7,student
jennifer42@example.org,@*5$XpZqvk,student
judith65@example.org,Tx5P0c^YZ(,student
jeffreychapman@example.com,WJ8O2C5nR%,student
nlewis@example.net,dO2)00fc9&,student
danielwarner@example.com,&8jTkKva2x,student
stevenbanks@example.com,Q+Z7PADtOY,student
georgewilson@example.com,)23$y4dqYI,student
cindy03@example.com,pdTNxOy7!5,student
lawrencejeremy@example.net,0P)4YkpN__,student
jordan07@example.net,AEh0d73oU(,student
qmejia@example.com,%7IxOOsl&t,student
jasmine22@example.org,m(63@FNk5F,student
stephaniemendez@example.com,K%Zvw26O^1,student
jeffrey16@example.org,*+mF(Uzb7i,student
nancy93@example.com,7_4@U@gZA$,student
maddendana@example.net,k1i5Rb5lK^,student
schaeferstanley@example.org,s6JzAqLL+i,student
barbaracurtis@example.com,+7)iUAI8Zl,student
saunderspatricia@example.net,ZQ0$2Ag3)L,student
todddaniel@example.net,+mxGOVM$Q2,student
timothyesparza@example.com,Gi8Owuc7^8,student
sandraperez@example.com,EX4*Wral%O,student
david36@example.net,s@3_RWm^mC,student
zpham@example.com,K86&cWeX+W,student
jessicariggs@example.com,)hi6mKodls,student
wrightcharles@example.net,iH5Pa23X!+,student
nicoledavis@example.net,!1bD*n6prC,student
brenda89@example.net,K9^Q%Sms(e,student
sharon72@example.com,)h9DbaQHD8,student
fcontreras@example.net,s6iBNZqu&W,student
hunter09@example.net,^%x1LV!w7f,student
bperez@example.net,++t3oETnZH,student
brianmassey@example.net,0r0RQxHR0(,student
fjacobs@example.net,zW5BnMDzw!,student
stephen74@example.org,_$s7bH^ri6,student
michaelmitchell@example.com,eD$9AtFbh+,student
powelltimothy@example.com,Iz1BG2Rb%^,student
echarles@example.net,6EIorbij!i,student
gregory88@example.com,x@1AQuPLSx,student
cynthia99@example.org,^8DmCEb3&O,student
jennifer21@example.com,q#6(QE1jg2,student
bsmith@example.com,+uIm2VH673,student
clarkjessica@example.com,@j2q9Ilz9j,student
mclaughlinjennifer@example.org,g2NQhP1a#z,student
hollygalloway@example.org,(zWSJ7Cvud,student
mark36@example.com,*4jg@Iqnq$,student
christophergonzalez@example.com,Ay1Cgb7R!7,student
caitlintran@example.org,L6i7Msgo_9,student
vgreen@example.net,4bIXc!&r_n,student
tward@example.com,@AfaZ+l6g2,student
raymondpayne@example.net,0uB&2HMqDK,student
robert79@example.net,KT0%5R2p&^,student
shenderson@example.org,0qC_01Ze@),student
bstevens@example.net,*^(e8UDzBI,student
mstanley@example.com,i2JnWRz#+r,student
johnsonchristy@example.com,y3D)1SPqTN,student
wriley@example.net,&16FGKkc)Y,student
nstone@example.com,KrvX3Z$Ct%,student
powellalexander@example.net,rnAZVT0e^9,student
knelson@example.org,atoFGOHX^0,student
campbellsheri@example.org,#50OOMnJZN,student
cgraves@example.org,L62yOpwr!P,student
kimelizabeth@example.net,N35OkeW@+!,student
samanthablankenship@example.com,+HGON*iN9U,student
rwatkins@example.net,$U4rTPiq8_,student
emahoney@example.net,8#FeG9OfqF,student
jenniferhawkins@example.net,@JlG0Jlk&5,student
nicole13@example.net,m3A5V(Rg^5,student
richardseric@example.org,*MD8W2k0_6,student
matthew60@example.com,H)Kh&4Ztsc,student
jason27@example.org,Mt@a4J1xBA,student
patrickbaird@example.com,_^W%0HOjGp,student
gmoore@example.net,VsRPY3GA^3,student
hansonkatie@example.net,*cHTvXyp17,student
perryerik@example.com,*2eNyFM#RF,student
donald87@example.org,%TY+_kChH7,student
lance31@example.net,MaEIUOp9)2,student
maymichelle@example.org,#01RWufqLJ,student
cory94@example.net,G*ZBMxN%%1,student
ashley18@example.org,#_3OLvwnh%,student
jason28@example.net,&6i3Eo6Ew&,student
mary48@example.com,&w1G*16Z1&,student
alexandra55@example.org,_Y*SKa9Y(4,student
john23@example.net,5!N2TF4brO,student
tina72@example.net,$@Bb^kX!$8,student
rivaspaula@example.com,@!SOA4DsYv,student
curtismeghan@example.net,^6m#KNXodR,student
katherinesmith@example.com,g(o1O0VCfb,student
ugomez@example.net,Rp@5EAjGtD,student
markanderson@example.net,_COg6Gghx_,student
phughes@example.org,*U5KGHqu0P,student
joshuabishop@example.net,!0Ll@t#qNj,student
jacksonmaurice@example.org,$hG6ZFu2!o,student
erinjones@example.net,y!7%pTDj9x,student
krystalmunoz@example.org,bu&6CZqa_o,student
ericawoods@example.org,_b*3@fCuSl,student
jenniferjohnston@example.com,0n0!Wv%uh%,student
zsmith@example.org,$^$G2AmnUA,student
millertracie@example.org,*f2QE9lIff,student
chavezsandra@example.org,r*)0BAy@Ex,student
gdavis@example.org,w$E1A^vsUP,student
blake83@example.org,3_^9!Dky73,student
angela96@example.net,&FeLH3SRx1,student
denisesmith@example.com,9$56Tf72S!,student
barnesjoseph@example.org,H@21Xd^i#N,student
john52@example.net,)2L$+dNW@5,student
fisherjohn@example.net,6%q!4Ldp0Y,student
elizabeth97@example.net,RdCW0N@Y_0,student
hernandezlaura@example.com,(E1EAY7b^i,student
jeremy36@example.com,*p@1RmUm34,student
peter43@example.net,@4GXSg*u%j,student
plittle@example.net,dPY97oXzZ^,student
sbarker@example.org,#4yf^SfL3J,student
msullivan@example.org,%14Ho6gGk*,student
kellyhernandez@example.net,)GG#1iOsIL,student
wpaul@example.org,@Pd!+h2sx8,student
paul03@example.org,2^r!$9Ne2H,student
jonessamantha@example.org,&eN#5ILpdo,student
gregory51@example.org,bFYjC1StY*,student
ariasmichael@example.net,GQqYOMXu@6,student
loriroman@example.org,(10Pu*jo3C,student
michael79@example.org,Yb(6EegN*Q,student
mallory64@example.com,j7K!PYdg@$,student
sbuchanan@example.net,!0OiqWc@l7,student
jberry@example.com,Q(2Cc$tMY*,student
john86@example.com,!7kPV3dv)2,student
michelle16@example.com,@4YFJIc8u5,student
donnacross@example.net,_cmDizlz%9,student
idominguez@example.net,+KIUzsUkh8,student
nancycameron@example.net,GrOl4Bhz!m,student
sarawilliams@example.net,ISFWhoxw%6,student
tblack@example.com,q$2IWdh68P,student
courtney72@example.org,i)5@uLmgmh,student
nmcmillan@example.org,yK9O&CYbP!,student
christopher96@example.com,tpGjZYUg+8,student
nunezkevin@example.org,dp_0AWxDG2,student
youngdavid@example.com,11+4sEk450,student
boyerdaniel@example.org,+rjD1LDO05,student
fnorton@example.org,M!65HQZeFw,student
thompsonjames@example.net,Wa&%x2Lr)g,student
stewartjoseph@example.com,T$W02B6sV!,student
oharris@example.org,_1UxRSfl82,student
cheryl66@example.org,$zZTKIWW8A,student
andrew08@example.net,_78Ulj_n&g,student
maria70@example.net,2f*$63Huyo,student
joseph01@example.org,n$kO6Af&h9,student
pittssabrina@example.com,z3mOEK$5_E,student
igraham@example.net,qO1h^PXfF@,student
kdurham@example.com,Lo1mRtGtk_,student
luisgriffin@example.com,!yx%HfA^2s,student
cherylhamilton@example.org,M16&2MlL!^,student
ybutler@example.com,$0fM!*x178,student
bobbyanderson@example.org,(L1xXib_C8,student
showard@example.com,3CxJlcO*+A,student
jacobsonaustin@example.com,5_2nBJs#+%,student
evansolivia@example.org,^^6xUSpnZs,student
sharirogers@example.net,#0HLgKizLY,student
gwendolyn95@example.org,$zhHBCdZi1,student
gary93@example.com,_6VF4HxSFn,student
qdavila@example.net,C!(hJ3LuSw,student
tracy29@example.org,3jGN!apB_X,student
sullivanwilliam@example.com,S2cdNRjf#q,student
nball@example.com,Cqu+q3ArGa,student
kbarnes@example.org,$PUqITiz42,student
deanna94@example.org,@E)4IgUk*h,student
royrobert@example.net,Oxk3qdAn^n,student
baileymichael@example.org,U0q_HrZI_k,student
williamsamanda@example.net,3_XX4*co@5,student
burtonsusan@example.org,$tE75Yluf3,student
jasmine03@example.org,rH2gs7k!J_,student
zcurtis@example.com,6#8Drberpa,student
adrian91@example.org,$18tK^Sp!p,student
reyescalvin@example.org,47h&sJyk@E,student
stephanieanthony@example.com,mD8HaNMv%@,student
kathy10@example.com,!)1#MRXdne,student
ernestblackburn@example.com,9xwLGNpx_M,student
bakertheresa@example.com,)Vk6yCgw&6,student
wcastaneda@example.net,%SOCm^(*6k,student
dylan89@example.net,%10PnkhCU),student
vortega@example.net,$tMEoo9U&9,student
jessicathornton@example.com,o_HVE9Ak)S,student
mitchellkristin@example.net,X4#63Svx_+,student
gary60@example.org,^1(B8$(di!,student
kcurtis@example.com,#g0I7N_a*7,student
wrightshane@example.org,Cq%3fMts0@,student
leestacey@example.org,$CBDffl#b8,student
carrdawn@example.net,*T8gXOs4I7,student
tiffanymiller@example.net,IDB38HsC%F,student
garciascott@example.org,Ip3%WZ)m@s,student
dwoods@example.net,$ppvWyb9^2,student
fredhughes@example.org,e(g6gMFalA,student
ericthompson@example.com,Qr7qjNnk&7,student
edward15@example.org,^H6H2Niw#7,student
phall@example.com,9f#HQKrK_z,student
danielle71@example.org,Yx#4OqrQ@R,student
kkeller@example.com,RK2F*Ymh&Z,student
brian81@example.net,G4UZjQzS(P,student
nicholasavery@example.net,1^5fVmDdp0,student
christopherwilliams@example.org,(cdSM&Ias2,student
floresbrooke@example.com,R_JGa$M4@3,student
ngreen@example.org,CN09qKcb&k,student
bvelez@example.net,vY!7CFJk@9,student
angelacontreras@example.org,5H(6L%Qj4A,student
andradejennifer@example.com,@6Wvi9mn(&,student
belindathompson@example.com,^^9!QbYrd8,student
zbeck@example.net,^8$l!HmDYE,student
yscott@example.org,c#2n1Zdd7p,student
llozano@example.org,@Gi0Nhv0tu,student
gregory04@example.net,*nKZ&f(Mt9,student
michaelbell@example.org,%WS!&xjJ0V,student
shanepratt@example.com,$0R)T0wZRC,student
eturner@example.net,A+2j2WIe$O,student
alex79@example.net,2@6C1^hSvx,student
shawncunningham@example.org,p3UazKXu!d,student
wsanchez@example.net,J#4beCVntH,student
hughespeter@example.org,#c7ILz7l1@,student
clarkthomas@example.net,l8NPDEBh%0,student
bushchristopher@example.com,ewffQF4s$7,student
allen23@example.com,Nspn2gEf(i,student
pbrown@example.com,%i#C#aBk6Y,student
robertgonzalez@example.org,c_295TXaGh,student
qyang@example.org,^NROizcB%8,student
lawrencedouglas@example.com,f64Wc(ai_O,student
cassandra24@example.net,7q0^3!Wd_R,student
lori40@example.com,W94xXPe^$*,student
emilyeaton@example.net,&p3f_ZlBR^,student
kellyspencer@example.org,e@J5Mb5^od,student
garciadavid@example.com,C63QbULs!r,student
jgibson@example.org,n!+Cq0Fq+u,student
hillamy@example.net,_7IlcEQiGd,student
boonerobert@example.org,%887J_Apr&,student
beardjonathan@example.com,!BXEq%Pq8C,student
mooremelissa@example.org,+1pZEVVs(v,student
mike47@example.org,*jB5(0Tlkx,student
scottalexander@example.com,8H8JR1hw^R,student
sarahking@example.org,J!0BXplp*t,student
sharoncurry@example.org,d5QW!mBI@l,student
robertsapril@example.com,XR)6RmkTyH,student
mark24@example.net,zg+8JcveC(,student
shepardlisa@example.com,PZWt3E&#@7,student
ajones@example.net,39eVYBpH@P,student
joneskelsey@example.org,d0@L(yTF!Z,student
smithdiana@example.com,b7$5DPrW_q,student
bradley05@example.net,Cb9BESGm&7,student
kjohnson@example.org,bh(e2Cec9X,student
vanessa69@example.net,kjlR$Jkg^4,student
samanthaallen@example.com,@MK3tN2kM7,student
kennedydonald@example.com,)0CUgTDqCp,student
thomasjohnson@example.com,W74ogIJw^s,student
brittanyramirez@example.com,m3Y9bBey&v,student
williamconner@example.net,y*pn35Vc4C,student
crystalthompson@example.org,Y_Z5JXWg@3,student
tammymills@example.org,+D#TcltDX7,student
rlee@example.org,1G#680Jf)r,student
deborah43@example.com,pk4NO$dF_+,student
bmartinez@example.net,#TUsvVDc8H,student
pjones@example.com,mGDxbvt++2,student
matthew26@example.org,g)31SaDqH),student
boydbrandi@example.com,B^z55C+pjL,student
ulopez@example.org,J9Y)x9QmY!,student
dbass@example.net,3jf4WFgL)7,student
spencer76@example.net,rr4^8eDvV),student
lindageorge@example.com,hH5aUPzy*F,student
michaeldavis@example.org,%)$A1gkhw3,student
cgonzalez@example.net,E7mB9Wnd&n,student
anthony34@example.org,(0vZGyC3HB,student
meghan85@example.net,3%7SVWXmK+,student
dustinlopez@example.org,%^B1Azq%sl,student
rhondadean@example.net,#F6rBnAsZ&,student
ginabooth@example.org,$e2MnVskCD,student
melody38@example.net,E+1ZpB#f@f,student
adamsfrank@example.com,%OPK*WSi4y,student
bobby93@example.net,wA9DWCfN)K,student
aprice@example.org,%5tSREdpP4,student
thompsonrachel@example.net,Df8QQbDd%5,student
hendersonbeverly@example.net,xw(EPqg3+8,student
cdiaz@example.net,(mx^GpRl^6,student
eric06@example.com,(K^6CZUrbJ,student
solomonamanda@example.net,!1TEa!kj%a,student
kathy76@example.com,o+8XXxSCUX,student
audreyblake@example.net,&9V+z2mCYV,student
lfreeman@example.com,CK#XO4ThH&,student
frankkevin@example.org,03lY2Vc4_L,student
brianperry@example.org,#8RTtsmgz8,student
harveywendy@example.org,Zs6rUm&g#0,student
eguerra@example.org,B9MC0ipt!4,student
choinancy@example.net,6wmd1Yo(_#,student
jenniferzimmerman@example.net,+e0RM!z%@^,student
smithsamantha@example.org,LW&aqiWn$8,student
stevenhayden@example.org,Og2t0WlWd#,student
tpatterson@example.net,&qUrKSi!&9,student
shannonbeck@example.net,E5)32ZfwRW,student
lmiddleton@example.com,f!_2GVabZ4,student
jordanlauren@example.net,N*(2Z3d+a0,student
cobbelizabeth@example.net,eFM8lPknZ*,student
annaoliver@example.com,_p$42(Mnyh,student
michael62@example.net,@H6EV8f7s7,student
gerald57@example.com,FlRN&KdF+3,student
kristencurry@example.net,^d%ILJUUo9,student
lgarcia@example.com,#1K1eQgnq7,student
christopher04@example.net,Q1e#EhWo&t,student
michaelduncan@example.com,QJZ5Krdh%3,student
christopherrobinson@example.org,&G68+YCcI9,student
rbentley@example.com,V1+3XCZeF@,student
gbrown@example.net,LC3WTT0w$6,student
antoniorodriguez@example.net,I)vm5kTbR4,student
bwilliams@example.com,%RpuHEfRW0,student
watersregina@example.net,hsgiJA(Z*9,student
parroyo@example.com,$GNG4Dm&Ht,student
cherylrobinson@example.net,$ml%&wNyD6,student
jose71@example.net,#9EBxoZl(8,student
smithmarie@example.com,D@3C*CiR)J,student
clong@example.com,@99QXB1Xrr,student
cjones@example.com,#3uAEmIv*5,student
qwade@example.org,Sz2WjcQ!#+,student
emilytorres@example.net,9YRg_kNs$$,student
barronsteve@example.com,z8c4mRat$O,student
rebeccaromero@example.com,Agy5Yfyf^P,student
whitneyjustin@example.com,b)O(5H7w7m,student
kimpaul@example.com,*CU1))fwK7,student
christophercruz@example.com,wz!5P@kYC%,student
dayala@example.net,QDJVgox!!2,student
cynthia06@example.com,3JPs&Kx#^C,student
robertmills@example.com,G@+s5QzuDR,student
dustin93@example.net,$t2cUx*5nD,student
jamesaguilar@example.com,j8YbqR2U_d,student
patricia19@example.com,%TQAKxmR1U,student
wilkersonchad@example.org,7fW3JFml)t,student
harrisonjeffrey@example.com,deYO+rEc+1,student
dbrown@example.org,4U%UYulF&2,student
clee@example.org,oCFbd2CxU(,student
hwalker@example.com,l*5FdL9z!e,student
johnsonkimberly@example.com,hv2ErKa9@w,student
nanderson@example.net,w$9QSlRSOo,student
garyking@example.com,8^8ZDodD^^,student
hernandezchad@example.net,!e2q2#OGe),student
stonefrancisco@example.org,*J3CKw94F0,student
clinemackenzie@example.net,%2$RIQEvp8,student
randallbrianna@example.com,@C4sOnNfT$,student
kimfrank@example.net,&Tg8Bh6SSe,student
angel39@example.net,)4i_5NTx2e,student
goldenalexis@example.com,*iIu8MkBe2,student
freemanbryce@example.net,!7JJb7mES8,student
diana02@example.org,_D2X8umwLH,student
bonillaanna@example.net,1pY&fIou&c,student
christopherbrown@example.org,h*96pQab%O,student
kellysantana@example.com,aG*3LXwL8B,student
jacobrodriguez@example.net,bX2UuL*z%1,student
hgoodwin@example.org,_eQmD#DR6w,student
michael69@example.net,HPJn7Vmne&,student
albert70@example.com,86P9_Tsl^),student
ncabrera@example.org,(kp41Lk@o+,student
martinrhonda@example.com,M7ZBKVVs!f,student
laura84@example.org,1T2J61mFH%,student
coreyramos@example.org,^ov61BHeT_,student
rivasjulia@example.net,_a8wYofJw7,student
brownbrianna@example.com,*t7UtV1GY8,student
meyerslucas@example.net,(_OK1Jovgz,student
henryashley@example.net,!Fcx4gkgm3,student
anaandersen@example.com,+@5_Afwf%A,student
ebrown@example.net,9LSk%1@D^H,student
larsenjulie@example.net,iB0(1Sj+%o,student
madison82@example.net,%g59UIClQ3,student
jacksonjanice@example.com,xx4HkS9(d_,student
sheriwhite@example.com,t$4xcFEcuL,student
hperez@example.net,5u2k0Wbj_R,student
ocobb@example.org,!nHumjQNx0,student
jonathanpeterson@example.org,%0b9RhTg7m,student
timothy51@example.net,o_1fabVdT+,student
robertosalinas@example.net,!A^WCrcP7x,student
wrightjames@example.net,33I1CmHr)g,student
carrscott@example.com,JiFIm)Me&2,student
kmercado@example.com,Z$4z#CuhWQ,student
greersarah@example.org,X0w&O9Pf9*,student
gmccoy@example.net,j^1URlucXi,student
pgalvan@example.com,^*9Vt3p40m,student
tberry@example.org,0ScUWYQw#C,student
dburton@example.org,u1qVB6b@+%,student
davisnathan@example.org,&9!IBbXts9,student
kcastillo@example.com,Mb6l!Od1+(,student
kimberly03@example.com,n53kxYo1%$,student
adammartin@example.com,#OWsb_wa5I,student
qkidd@example.org,^S^*qBjn52,student
paul85@example.org,3z^7xQk6#Y,student
martinjoseph@example.net,sE51Pl@u@T,student
emyers@example.com,2RbU+*ix^j,student
jenniferholt@example.com,$s1Ttnf$Jf,student
romerobenjamin@example.org,otU48q0I&8,student
corey99@example.net,L#bx0UBv_w,student
tinareid@example.org,&(4K$h6p9R,student
douglascasey@example.com,j#aF1Sjruz,student
charles44@example.net,(OVOb+p(p2,student
carrie79@example.net,_J)M^i*u1n,student
pauljohnson@example.net,*zbkPEZT0s,student
rday@example.com,&igJvkWer1,student
andrea51@example.com,+k^(xRhNs2,student
adamskimberly@example.org,&4Y9U#Wqm9,student
danielsmith@example.com,g4voGHj)@j,student
melissalee@example.net,@kzCGmuf%3,student
alexanderandrade@example.net,0ZYPT7vq$E,student
erin83@example.net,E+N5H4DjJ4,student
henrymark@example.com,UMD04BiD^2,student
aaron97@example.net,cfJg2JPlc$,student
lori99@example.org,Yj%R73NiXZ,student
qlyons@example.com,pH^t2Oos8M,student
alexis48@example.com,Q03oLXJr@(,student
qstanley@example.net,@624G8Uv9A,student
geraldharris@example.org,55rEnEoH!d,student
foxalexandra@example.com,jC1tOB#zM^,student
ugamble@example.com,(5#MbBq4uo,student
meyerpatrick@example.org,vCZY_0fj$2,student
ktaylor@example.org,C0OWitq$!4,student
melissa30@example.org,rxZ1FrEV)6,student
patrickbeltran@example.org,9%44H(*l^6,student
joshuataylor@example.net,T3jIbSi()Q,student
christopherrobinson@example.net,y8&MSODv_u,student
isanchez@example.org,M^58FDem9P,student
cpierce@example.com,+97gT7Sevu,student
dianemedina@example.net,etvX$ymj$1,student
ggallegos@example.com,@c9hRqu9(*,student
christopher17@example.org,O_E4MBuqUy,student
smithbryan@example.org,C5A^GEjd(w,student
llambert@example.com,&0OzK#Kncg,student
ashleygarcia@example.org,exS6UR5Cb(,student
riospeter@example.net,)x2QGv8@zk,student
skhan@example.net,CU6+61Uo0n,student
pbarber@example.net,0(t9*TeaTF,student
batesbrooke@example.com,m#3jI4LvJ@,student
mspencer@example.com,SV6O_&cy7),student
thompsonphilip@example.com,amPe8Lo^f_,student
davisvickie@example.com,pR2WIg7))_,student
phodges@example.org,nH4fPDsX!D,student
kelly61@example.net,_URx91qJ2o,student
melissa44@example.com,#CCVtOFu0$,student
matthewho@example.com,V8eVw%or^m,student
browngeoffrey@example.net,$4*e7CxEma,student
millerelizabeth@example.net,mB0Qvdih)),student
roachedward@example.net,+0qd%IIkEm,student
ucollins@example.org,^)Y8ZuiEss,student
henryrachael@example.org,@1Nsqkpp3#,student
stephanie47@example.org,4ZBbNie^*I,student
jhudson@example.com,)sUdp3LmF4,student
erinphillips@example.com,!vsBFycJE3,student
timothy92@example.com,#5H$xmYj(L,student
steindouglas@example.org,a@W44LgHUH,student
samantha53@example.org,77MbdagP)q,student
jgonzales@example.com,0W%HV9*oS+,student
alexis84@example.org,y8QkrqKa!*,student
leslie59@example.org,79SK7T3x^e,student
jacksonricky@example.org,)Hz$z4LrkV,student
houserichard@example.net,%7Tpa^uT+A,student
theresamaddox@example.org,rl$24XFmVE,student
scott18@example.net,O^@32R!k47,student
ashleymiles@example.net,Q$5OGmIiE),student
mwatkins@example.com,e$699AiWK(,student
kmoore@example.net,8RS4Jzf(_E,student
swilliams@example.org,h$8ORwpkC$,student
kdunn@example.org,Ge$C07Bve4,student
zavaladarin@example.net,R46So&C7_*,student
lisa67@example.net,uyWI0Vlx_$,student
robertsruben@example.net,I%$7zDzipM,student
vanessa31@example.net,t8XBWD6v#z,student
longbrittney@example.net,w8(2y6XiN6,student
keith09@example.net,n%2LGVs2aH,student
elee@example.com,8F4$8Dkz_@,student
nancy92@example.org,8ucLzDKn(7,student
stephanie96@example.org,%$4R!ggnX!,student
jacksonjeremy@example.com,&_XKLxZkE0,student
howellchris@example.net,#O2MdD7oWX,student
elizabeth16@example.net,^^2Dgr62Al,student
robertlong@example.org,fwPpEQ*Q$2,student
bpeters@example.org,VSO4AIoz_$,student
kimberlysmith@example.net,k6S)Axz6&k,student
hhuang@example.com,N4KDP1_w)x,student
sarahyang@example.com,899Cg_on#R,student
millerdonna@example.net,&tS15YErHj,student
jennifer31@example.org,)52c9W@bM_,student
mary19@example.org,@iFyLxBO&7,student
dawnking@example.org,k#4Q3QCi5Z,student
ygross@example.net,#T8RAECs4l,student
zrowe@example.org,uy0uETW$4(,student
manningjeffrey@example.org,gb+)2YxrES,student
santanastephanie@example.com,Ki8RWFiLv^,student
adavis@example.org,&5BDdWbxFX,student
robinsontasha@example.org,&Dy%4PSv%@,student
spencer97@example.org,H2uVYM!++u,student
matthewstracy@example.org,18cGSNwr^2,student
burkejoshua@example.net,CkPX8Oe5*9,student
wwalters@example.net,Fhkv4_Lm(n,student
marykrueger@example.net,Xt(94$WGu^,student
katherinemccann@example.net,!VK(2TmhVh,student
williamskara@example.net,*buc&Z%%e1,student
nicholas49@example.com,u7#Ki*Yn^X,student
milesandre@example.org,H@mzY8+z^9,student
sreyes@example.net,Tt#+8YrIqy,student
zgomez@example.org,t@SdGE%F^2,student
teresahernandez@example.org,&u)D3UoO#!,student
danieldouglas@example.com,B1Y9tYdB$v,student
silvakenneth@example.com,e$5YQv3m5N,student
ygreen@example.org,)20g2PtjNW,student
williamsmith@example.net,k(r0+VC9ye,student
martinvalerie@example.com,#!6e*WogJF,student
kellyrusso@example.org,^fZh5!Qk)r,student
taylorlori@example.com,_$2EIvxf2q,student
xhart@example.net,!Rx2YMno%4,student
mccannjennifer@example.net,g!xh1Exs6@,student
wendyweber@example.com,Dh115KKk@H,student
gregory06@example.com,(sf5FWyGr%,student
amanda35@example.org,j16CCv&k%Z,student
kevin48@example.com,_m3rZRAw8Z,student
samuelgriffith@example.net,GZRxz#AL+9,student
huntmichael@example.com,3@u2fRCp)D,student
cbush@example.net,e3b2kH!j+G,student
qdecker@example.net,_TH0p1IfJ^,student
zhernandez@example.net,C^*b1Kh_Jp,student
reynoldschristina@example.com,*S0Z*6@f&O,student
alexanderfuller@example.com,aJ%JJ@ER%4,student
karen89@example.org,Qb9h59BuE*,student
christopher86@example.net,A47lKU@m&8,student
susanwebb@example.com,!Y#CErtI)8,student
shicks@example.net,yd&7Q$l1#Z,student
edwardvaughn@example.net,7CkAZ0DmG_,student
martinezjeffery@example.org,%6Lw0jPeVv,student
david11@example.org,+9&WCIlyrF,student
bradfordangela@example.net,g!4!$ItJ$x,student
nfleming@example.com,&%5Tqf!hVQ,student
kelleyjames@example.org,$gz8bB1MZ(,student
david50@example.net,k4@8FrDP^S,student
richard95@example.net,(8vTjdsO%d,student
brooksmary@example.org,n3%c0uIjpi,student
nicholasroberts@example.net,+t5$JO@Wz8,student
roger03@example.com,vH0Ve@zr$y,student
hweaver@example.com,ko%*2Nht8W,student
wsanders@example.net,1+v2k5Yt(Q,student
edwardcombs@example.org,%e_DMrfr*6,student
mooredestiny@example.org,tcw5ThSg_a,student
asmith@example.net,nBL5Q9e)^d,student
sarah94@example.com,#I4GCApUg#,student
elizabeth10@example.org,!1t5F*bvEJ,student
matthewwhite@example.org,$ZPAk5yR+5,student
kellyjasmine@example.com,6_1TUmo3*x,student
ostephenson@example.org,%$aTXC2hX3,student
daniellediaz@example.net,*91KAmi3tU,student
freymegan@example.com,rO*%T9Ti7+,student
xrandolph@example.com,!efLI%ar09,student
qswanson@example.net,d(04wT+Zev,student
theodoreshepherd@example.org,#yhNm8gne0,student
samantha99@example.org,zU+99zEk_X,student
tranerin@example.net,^W4GTIuinq,student
heatherhall@example.com,^ATR0zxvL5,student
rubiojoshua@example.net,Bo47&N1ak),student
stephanielindsey@example.net,40SVvGwO^7,student
kmckinney@example.net,%ER8QSQc7A,student
abond@example.net,J41iuVZsP*,student
websterfrank@example.net,*t6RAsIo*2,student
anitamorgan@example.net,*71iOTe0wt,student
andresreed@example.net,@Y)K50PeK3,student
kennethellis@example.org,*0zExk+6^D,student
zblack@example.net,8$535Kf2(J,student
stevenwaters@example.org,k^0RK#8qfT,student
georgejessica@example.com,AoXKJaZn$5,student
hicksmelissa@example.net,(60yGrdzge,student
gardneralexander@example.org,&6_lSb7QDT,student
grimesadam@example.net,gG#W(cJn&8,student
michelle79@example.net,TXnp6DhR5%,student
barbararodriguez@example.net,$P5I4Jq)pN,student
markyang@example.org,)iO997Dd%A,student
kellimiller@example.com,+b8!6Y^oKY,student
websterbenjamin@example.org,*2VxyGXl^^,student
gwoods@example.com,db&0DTcZj@,student
destiny54@example.net,*y_%!JwAg0,student
stacyphillips@example.org,r69QksYM3),student
geoffreyhill@example.com,$ndzULcv&1,student
lucashurst@example.org,c6PGZsrO&u,student
owensjeffery@example.net,14FP9AtH((,student
crystal57@example.org,!N(zvPbIV1,student
nelsonmichelle@example.com,P37UgLumC$,student
ifisher@example.com,eLB9lSNg!E,student
craigberry@example.com,+f6ZKSg!x%,student
davisjacob@example.org,%_#39AbP5a,student
amywright@example.org,#Z5^8Ab4r+,student
seanjohnson@example.net,%MQS&+u06_,student
dprice@example.net,x_0JmKwm)C,student
yjones@example.net,@D1wkfSh_h,student
karen19@example.net,_6LqT1cH5^,student
qgreen@example.net,90AjzPFp$!,student
jeremycarr@example.net,u2#7bUwhTt,student
gcollins@example.net,4WEs0BFek),student
jenkinsbrian@example.com,#w5CgApy)Z,student
sheilashelton@example.net,7T9QPVd1h*,student
watsonjason@example.com,)8FqYOqb7m,student
stoneallen@example.net,3DWquwUe#4,student
blanchardmatthew@example.org,!Cz1qHse2a,student
patrickdavis@example.net,r@U6tN7z&y,student
austin33@example.com,+2APrKurKu,student
mark64@example.org,xUm0UIpK&&,student
lsantiago@example.com,d*QR!8Gfx4,student
ryan64@example.com,*4C4Z@Av1d,student
kelly65@example.org,Z+Wg2QOm$5,student
nelsonashley@example.com,_V%6SSnfD#,student
davidbarry@example.com,_oO2bnBxCu,student
amandaconner@example.com,85AWUEiP)Q,student
wardebony@example.net,T6nUBet5$6,student
alex68@example.com,(7S_9Kg*e2,student
brittanyanderson@example.net,UWE5PeSh(*,student
rangeldonna@example.net,@3O^v&k$WV,student
margaret23@example.org,*_$0ZShwk3,student
escobarjill@example.net,r@#5vAdnuY,student
yvette69@example.net,__1RTrz5Pg,student
tpalmer@example.com,10)Ob6Ii*B,student
aoconnell@example.net,%61IrP3eW),student
austin30@example.org,s3VUyMbG@G,student
qwood@example.com,i7Jpk*V^+U,student
uhampton@example.org,^f6XiCI_$6,student
carolstewart@example.org,_K)12wJnd3,student
brianlopez@example.org,_hNjxQi0t1,student
samantha03@example.org,Q#J@r8cC*V,student
abigailwhite@example.org,i%Z3SRsyGe,student
tmcdonald@example.org,#9G@eD2SlS,student
brianespinoza@example.com,+5EJLB)pE+,student
heidi37@example.net,0mbB45Zex%,student
arroyomadison@example.com,(0$Ljmfi+Y,student
kennedysarah@example.com,TeI5WOd8)6,student
patriciaperez@example.com,#tm3rZta^k,student
wtorres@example.net,$KzX!SdOG2,student
elizabethespinoza@example.com,#CdCvcs9J7,student
darrellrodriguez@example.org,X1pE%9HR_w,student
carol35@example.org,pnVux*8D&0,student
crawfordalbert@example.org,ZI09LcPmg&,student
angelawilson@example.com,+7N27nNhr8,student
willie71@example.com,$MlyOjzs#6,student
ingramamanda@example.com,zw#d4wSrx),student
michael00@example.org,uS&D3Gi4z#,student
paigemoore@example.com,#AF+urBhI3,student
thart@example.com,*vjJ)1No(q,student
roy11@example.com,sLiD*HeR+7,student
lopezmorgan@example.org,%uZ1@oEkL7,student
nelsonrobert@example.net,iaGwpy9o^1,student
samanthasoto@example.net,rXV7UO(xB@,student
hurstjames@example.org,FHYgZgvu%6,student
brianmoore@example.org,idAW8zTa#3,student
benjaminmitchell@example.com,j#8+DBn$)F,student
hernandezdevin@example.net,+7ZVyIxhgJ,student
morganshelley@example.net,aU$X4Jx*T&,student
justin88@example.com,20zVpyn$*+,student
ginamoreno@example.org,_CNlVpfL7r,student
kevinpeterson@example.net,_dD(U3J(k4,student
zacharyliu@example.com,c%@3Adq$C^,student
ryan65@example.com,V@72BgCp&R,student
hortonrebekah@example.net,(w1!L5RySP,student
stewartkeith@example.org,*1UlX+_uu+,student
samantha59@example.org,^1XWetd$V&,student
zfuller@example.net,^voRo%k@w6,student
jay36@example.org,#9AeWmBq4I,student
kgallagher@example.net,+#75MC8Jzh,student
johnorr@example.org,#_dHA2uK0B,student
jenniferlong@example.net,w5Tys@c1)#,student
hilljonathan@example.org,x1#zE2KN$9,student
sarahoffman@example.org,3#2G(VkpwW,student
janet05@example.org,n91EMmOH%w,student
taylor92@example.org,5k0SDEDn#s,student
laura60@example.com,!CPkl!cF5C,student
kenneth69@example.net,d%M%!3Ecm),student
angelicawallace@example.org,ddIZ9eSsQ),student
gonzaleztracy@example.net,8x1Gj$u%G$,student
combscheryl@example.net,$o3kI!cl(6,student
halljames@example.com,6(8uHuDxQl,student
wangjohn@example.net,q0AeQ*^8&m,student
vlong@example.com,2^H7Z^adOj,student
kayla23@example.org,A6HsS8wd%h,student
thomasstephanie@example.org,5PpX2EwaM@,student
joelortega@example.org,kX+7YpBsDd,student
mackenzie22@example.net,n*0tw+Mq(N,student
jhall@example.org,_SXpSfTrr9,student
dayala@example.com,+#MI2F8boS,student
jerrylandry@example.com,_L1WX3rqD$,student
mendozabrendan@example.org,zXT#5OyY!1,student
gfowler@example.org,4^u4JfmvAt,student
sharon23@example.net,@U34SGgcI9,student
cochranrandy@example.net,#)bQKgtvJ2,student
hollowaysheila@example.com,O+0XBc$E%y,student
hendrixbrian@example.com,)teRnVz9R0,student
watsonsharon@example.com,%4S))Aotf+,student
uperkins@example.org,^1aYoHSk1z,student
nancywhite@example.net,!kNGYS9sV7,student
yhernandez@example.com,Di6QA)Xl+^,student
swhite@example.net,(f27NRkl%_,student
tamarasmith@example.org,qH)8BIpqT$,student
hawkinsandrew@example.net,#ifEpHVgj2,student
smithcraig@example.net,^2*LHkI55x,student
cassandra08@example.net,XiTGYSfu@9,student
pcasey@example.com,%2IlUwcv*5,student
dedwards@example.org,_wgOqJeF1%,student
qdavis@example.com,%Ak&0wHr0^,student
josephhicks@example.com,Dd&z2DKbW),student
xpayne@example.org,_pG9G*mcLE,student
franciscomartin@example.com,)fWF#PIm6s,student
jcastaneda@example.com,d0BXyTp7@S,student
bhoover@example.net,6j5t_UuK^s,student
chambersmelissa@example.net,XvCaM3Jw&5,student
andrea90@example.net,@4X5G+gyb8,student
ehensley@example.com,ko9CJ(u)b$,student
xlynch@example.org,8KALbmxT*m,student
nicholasharris@example.com,*^0FQcz7q%,student
lozanosusan@example.net,BP4MFIxd(),student
montgomeryanne@example.org,#AXbu8Vw*9,student
mark66@example.com,(@US2FCrxV,student
pgonzalez@example.org,&9I2Hvn6jC,student
carrie25@example.org,(57QIca#*3,student
troymorgan@example.org,_+4PG^Jzvb,student
kellyalyssa@example.org,#FE3L(sYL9,student
gomezchristine@example.net,0%X5MOCPzt,student
cmelton@example.org,C14@gEry$v,student
ncline@example.com,^aH5KnPOs1,student
clintonrandolph@example.com,fUOoYWLb*2,student
lvillanueva@example.com,JLG1P7IjL&,student
anielsen@example.com,ro7+RCCI*#,student
lisa17@example.com,xV*XQjPB)0,student
harry16@example.net,7i#3YYvo)h,student
josephgordon@example.net,R&#f2KurSA,student
mallory06@example.net,!E5JpH_b_6,student
morrisonraymond@example.net,Skjb1S$jQ#,student
williamsamanda@example.com,4^2GPRq%&A,student
denisebates@example.net,0Xt1PLp!V%,student
rioskayla@example.com,$M2C8TPeHB,student
weavermelinda@example.com,_3qKRUYd^!,student
zjenkins@example.net,_DT1#+xj3D,student
thomaschoi@example.org,Yh^9OWgh&_,student
wmccoy@example.com,@f6Ugn5lTS,student
ayalaamanda@example.com,*00mIJqu*7,student
jonathan53@example.net,+w1Eng($2+,student
reevesclaudia@example.org,ED6LSMXf_W,student
luke85@example.com,)*3v7P!e5g,student
patriciacarter@example.org,6Z9QJDzU_),student
laurawest@example.com,qL+7Pmbz@8,student
jcaldwell@example.net,^S6GH)wtJV,student
lisa51@example.net,*7j_vSwxou,student
dwalsh@example.org,$HGI9HApgz,student
penningtonbrittany@example.org,vP3+qu*fc),student
barnettheather@example.net,(L851yVaE@,student
vphillips@example.com,#9PxpSJ8Z5,student
jessicaburke@example.org,ai7zC_^6#7,student
charlesperez@example.com,9X5&9RukI!,student
castillodavid@example.net,Q!A2NhDWBn,student
tjackson@example.org,(0NMsEuD!P,student
jacksonrick@example.net,6fYheYTP*!,student
fritzmelissa@example.net,F#3+W5wNEr,student
pottermichael@example.net,zc0tjhZs)5,student
xreed@example.net,t)Z03yngrL,student
badkins@example.org,gt6%2V9vQG,student
thompsonjanice@example.net,7%vM5YdBm!,student
everetttony@example.net,%98+Pxnce%,student
glenn47@example.org,^B2Ss7Rg6A,student
jjackson@example.com,mtCkCIzm*2,student
popekathleen@example.com,%9$G5v+Iz0,student
vmartin@example.com,OzM1Ajsa(d,student
yjohnson@example.net,2zF4ZnnR^O,student
amandajohnson@example.net,+BiPqDAe(5,student
jesse17@example.com,K)H2DBjaut,student
melindareed@example.net,j9$5_GYcl*,student
hectorpalmer@example.org,g5L4Rf&_*z,student
melendezpedro@example.net,aJ410A0ff&,student
daniellesmith@example.com,L6+6ZnsnD%,student
dillonmunoz@example.net,!UfYINzvf1,student
pwhite@example.net,&#HcSTim*0,student
brian24@example.net,xc50W5i0i_,student
sarahjohnson@example.com,*p8B_AdrL7,student
heather88@example.com,FMj5AZ#jK*,student
knoxmichelle@example.org,0VHwiy24+(,student
kguzman@example.org,OTMWr+K2*1,student
johncombs@example.org,k@9_5Ynd3M,student
gharris@example.org,hKUCNmwo!2,student
oliverchristopher@example.net,X5W#%pQG+R,student
amy41@example.net,+)SK4Izsw2,student
steven88@example.net,2503Fr_M*v,student
gonzalezbrian@example.org,i0B%3dHli(,student
stephanie67@example.org,tm$2RMVfnC,student
kevin97@example.org,pOKzMd+g@8,student
amandakennedy@example.org,jk^!4CigL(,student
susanyang@example.org,VEVUXCjd@6,student
jennifer07@example.com,_9JROtu%Xk,student
johnpowell@example.net,!akYy6e^B4,student
wagneralyssa@example.net,02VSo$Tk!&,student
carlmorgan@example.com,Wg19RX(q+h,student
robertcampbell@example.com,jR8LYFJdz),student
maryturner@example.org,cSEyT6gQ!3,student
carlos57@example.com,!5lt28ToEs,student
kylehayes@example.org,&p4O@r@Xu!,student
sylviashaw@example.net,DMq8c2Hh)p,student
jessereeves@example.com,Q%5HnsD#$@,student
heather04@example.net,%0IFuhm^Wz,student
jacobsbeth@example.org,$nDtQn)q&0,student
cobbdeborah@example.com,_Ar7d%Tl@W,student
cunninghamnathan@example.com,^J4ywMowhj,student
rdavidson@example.com,+g7BkWKny2,student
stephanie71@example.net,@wO&&Tuow3,student
michael26@example.org,K_n4YebNF9,student
fitzgeraldjason@example.com,sk$680Fv(f,student
scottgreen@example.net,L8dX@Xdq%&,student
michaelbowman@example.com,)8C2I8i!*(,student
farleyelizabeth@example.net,$_6Dtax3j),student
hallkathleen@example.com,6zE9Cp0kV&,student
josephsean@example.net,7WWSJpnb@P,student
anthonyhernandez@example.com,(1XUOLDovs,student
melanie56@example.com,aSaARicq+3,student
manningshirley@example.net,R8r)Uw@2+b,student
kenneth44@example.org,)yYGF&0l21,student
eric98@example.net,%8Sb(k!8hI,student
muellerjose@example.com,W6#62Sd@O^,student
matthewsmichael@example.org,t&3dU^dbDB,student
rebecca81@example.org,)vX+$NfVT6,student
dustin19@example.net,$5TGH07fNz,student
kevin33@example.org,8_tp5tYIWu,student
morganbrandon@example.net,!LYKwR%6D9,student
aperkins@example.net,K859KM^h^2,student
robertsangela@example.org,s6TD4Tmq_7,student
jeremygarcia@example.com,Q8#xBaYB&1,student
nicholasmiles@example.com,@W9hbGy81V,student
ortizkelsey@example.com,8JHH7_eP%4,student
gillheather@example.net,8SH+wFgV+7,student
bwilson@example.org,^1$KF^mi2P,student
jason71@example.org,Fk8N4zF+)s,student
joshualarson@example.net,G3ZDt6ZP!8,student
edwardrodriguez@example.com,pDmANE9l&9,student
grodriguez@example.com,Opt0GPdw#G,student
colonmichael@example.com,%+zEsx(r@4,student
cowanbrian@example.net,^gT8VYfTMw,student
annbass@example.com,W_+3WYnCQk,student
emily60@example.net,3ORVnoV#@I,student
tandrade@example.com,DC(I9MvenZ,student
kru@gmail.com,aipgsqi,student
prof@gmail.com,aipgsqi,professor
